{"Epoch": 99, "Val Accuracy": 0.10546875, "Best Accuracy": 0.3203125, "test accuracy": 0.107421875, "_timestamp": 1721443426.5408223, "_runtime": 22368.628996372223, "_step": 99, "_wandb": {"runtime": 22368}}