{"Epoch": 99, "Val Accuracy": 0.171875, "Best Accuracy": 0.31640625, "test accuracy": 0.162109375, "_timestamp": 1721389302.600833, "_runtime": 22394.1218149662, "_step": 99, "_wandb": {"runtime": 22393}}