{"train-loss": 0.05631554499268532, "_timestamp": 1721455879.5011642, "_runtime": 54.674771308898926, "_step": 9, "_wandb": {"runtime": 54}}